,Port,Port_Code,State_Country,Port_Name
ALC,"ALCAN, AK             ",ALC,AK,ALCAN
ANC,"ANCHORAGE, AK         ",ANC,AK,ALCAN
BAR,"BAKER AAF - BAKER ISLAND, AK",BAR,AK,ALCAN
DAC,"DALTONS CACHE, AK     ",DAC,AK,ALCAN
PIZ,"DEW STATION PT LAY DEW, AK",PIZ,AK,ALCAN
DTH,"DUTCH HARBOR, AK      ",DTH,AK,ALCAN
EGL,"EAGLE, AK             ",EGL,AK,ALCAN
FRB,"FAIRBANKS, AK         ",FRB,AK,ALCAN
HOM,"HOMER, AK             ",HOM,AK,ALCAN
HYD,"HYDER, AK             ",HYD,AK,ALCAN
JUN,"JUNEAU, AK            ",JUN,AK,ALCAN
5KE,"KETCHIKAN, AK",5KE,AK,ALCAN
KET,"KETCHIKAN, AK         ",KET,AK,ALCAN
MOS,"MOSES POINT INTERMEDIATE, AK",MOS,AK,ALCAN
NIK,"NIKISKI, AK           ",NIK,AK,ALCAN
NOM,"NOM, AK               ",NOM,AK,ALCAN
PKC,"POKER CREEK, AK       ",PKC,AK,ALCAN
ORI,"PORT LIONS SPB, AK",ORI,AK,ALCAN
SKA,"SKAGWAY, AK           ",SKA,AK,ALCAN
SNP,"ST. PAUL ISLAND, AK",SNP,AK,ALCAN
TKI,"TOKEEN, AK",TKI,AK,ALCAN
WRA,"WRANGELL, AK          ",WRA,AK,ALCAN
HSV,"MADISON COUNTY - HUNTSVILLE, AL",HSV,AK,ALCAN
MOB,"MOBILE, AL            ",MOB,AK,ALCAN
LIA,"LITTLE ROCK, AR (BPS)",LIA,AK,ALCAN
ROG,"ROGERS ARPT, AR",ROG,AK,ALCAN
DOU,"DOUGLAS, AZ           ",DOU,AK,ALCAN
LUK,"LUKEVILLE, AZ         ",LUK,AK,ALCAN
MAP,MARIPOSA AZ           ,MAP,AK,ALCAN
NAC,"NACO, AZ              ",NAC,AK,ALCAN
NOG,"NOGALES, AZ           ",NOG,AK,ALCAN
PHO,"PHOENIX, AZ           ",PHO,AK,ALCAN
POR,"PORTAL, AZ",POR,AK,ALCAN
SLU,"SAN LUIS, AZ          ",SLU,AK,ALCAN
SAS,"SASABE, AZ            ",SAS,AK,ALCAN
TUC,"TUCSON, AZ            ",TUC,AK,ALCAN
YUI,"YUMA, AZ              ",YUI,AK,ALCAN
AND,"ANDRADE, CA           ",AND,AK,ALCAN
BUR,"BURBANK, CA",BUR,AK,ALCAN
CAL,"CALEXICO, CA          ",CAL,AK,ALCAN
CAO,"CAMPO, CA             ",CAO,AK,ALCAN
FRE,"FRESNO, CA            ",FRE,AK,ALCAN
ICP,"IMPERIAL COUNTY, CA   ",ICP,AK,ALCAN
LNB,"LONG BEACH, CA         ",LNB,AK,ALCAN
LOS,"LOS ANGELES, CA       ",LOS,AK,ALCAN
BFL,"MEADOWS FIELD - BAKERSFIELD, CA",BFL,AK,ALCAN
OAK,"OAKLAND, CA ",OAK,AK,ALCAN
ONT,"ONTARIO, CA",ONT,AK,ALCAN
OTM,"OTAY MESA, CA          ",OTM,AK,ALCAN
BLT,"PACIFIC, HWY. STATION, CA ",BLT,AK,ALCAN
PSP,"PALM SPRINGS, CA",PSP,AK,ALCAN
SAC,"SACRAMENTO, CA        ",SAC,AK,ALCAN
SLS,"SALINAS, CA (BPS)",SLS,AK,ALCAN
SDP,"SAN DIEGO, CA",SDP,AK,ALCAN
SFR,"SAN FRANCISCO, CA     ",SFR,AK,ALCAN
SNJ,"SAN JOSE, CA          ",SNJ,AK,ALCAN
SLO,"SAN LUIS OBISPO, CA   ",SLO,AK,ALCAN
SLI,"SAN LUIS OBISPO, CA (BPS)",SLI,AK,ALCAN
SPC,"SAN PEDRO, CA         ",SPC,AK,ALCAN
SYS,"SAN YSIDRO, CA        ",SYS,AK,ALCAN
SAA,"SANTA ANA, CA         ",SAA,AK,ALCAN
STO,"STOCKTON, CA (BPS)",STO,AK,ALCAN
TEC,"TECATE, CA            ",TEC,AK,ALCAN
TRV,"TRAVIS-AFB, CA        ",TRV,AK,ALCAN
APA,"ARAPAHOE COUNTY, CO",APA,AK,ALCAN
ASE,"ASPEN, CO #ARPT",ASE,AK,ALCAN
COS,"COLORADO SPRINGS, CO",COS,AK,ALCAN
DEN,"DENVER, CO            ",DEN,AK,ALCAN
DRO,"LA PLATA - DURANGO, CO",DRO,AK,ALCAN
BDL,"BRADLEY INTERNATIONAL, CT",BDL,AK,ALCAN
BGC,"BRIDGEPORT, CT        ",BGC,AK,ALCAN
GRT,"GROTON, CT            ",GRT,AK,ALCAN
HAR,"HARTFORD, CT          ",HAR,AK,ALCAN
NWH,"NEW HAVEN, CT         ",NWH,AK,ALCAN
NWL,"NEW LONDON, CT        ",NWL,AK,ALCAN
TST,"NEWINGTON DATA CENTER TEST, CT",TST,AK,ALCAN
WAS,WASHINGTON DC         ,WAS,AK,ALCAN
DOV,"DOVER AFB, DE",DOV,AK,ALCAN
DVD,"DOVER-AFB, DE         ",DVD,AK,ALCAN
WLL,"WILMINGTON, DE        ",WLL,AK,ALCAN
BOC,"BOCAGRANDE, FL        ",BOC,AK,ALCAN
SRQ,"BRADENTON - SARASOTA, FL",SRQ,AK,ALCAN
CAN,"CAPE CANAVERAL, FL    ",CAN,AK,ALCAN
DAB,"DAYTONA BEACH INTERNATIONAL, FL",DAB,AK,ALCAN
FRN,"FERNANDINA, FL        ",FRN,AK,ALCAN
FTL,"FORT LAUDERDALE, FL   ",FTL,AK,ALCAN
FMY,"FORT MYERS, FL        ",FMY,AK,ALCAN
FPF,"FORT PIERCE, FL       ",FPF,AK,ALCAN
HUR,"HURLBURT FIELD, FL",HUR,AK,ALCAN
GNV,"J R ALISON MUNI - GAINESVILLE, FL",GNV,AK,ALCAN
JAC,"JACKSONVILLE, FL      ",JAC,AK,ALCAN
KEY,"KEY WEST, FL          ",KEY,AK,ALCAN
LEE,"LEESBURG MUNICIPAL AIRPORT, FL",LEE,AK,ALCAN
MLB,"MELBOURNE, FL",MLB,AK,ALCAN
MIA,"MIAMI, FL             ",MIA,AK,ALCAN
APF,"NAPLES, FL #ARPT",APF,AK,ALCAN
OPF,"OPA LOCKA, FL",OPF,AK,ALCAN
ORL,"ORLANDO, FL           ",ORL,AK,ALCAN
PAN,"PANAMA CITY, FL       ",PAN,AK,ALCAN
PEN,"PENSACOLA, FL         ",PEN,AK,ALCAN
PCF,"PORT CANAVERAL, FL    ",PCF,AK,ALCAN
PEV,"PORT EVERGLADES, FL   ",PEV,AK,ALCAN
PSJ,"PORT ST JOE, FL       ",PSJ,AK,ALCAN
SFB,"SANFORD, FL           ",SFB,AK,ALCAN
SGJ,"ST AUGUSTINE ARPT, FL",SGJ,AK,ALCAN
SAU,"ST AUGUSTINE, FL      ",SAU,AK,ALCAN
FPR,"ST LUCIE COUNTY, FL",FPR,AK,ALCAN
SPE,"ST PETERSBURG, FL     ",SPE,AK,ALCAN
TAM,"TAMPA, FL             ",TAM,AK,ALCAN
WPB,"WEST PALM BEACH, FL   ",WPB,AK,ALCAN
ATL,"ATLANTA, GA           ",ATL,AK,ALCAN
BRU,"BRUNSWICK, GA         ",BRU,AK,ALCAN
AGS,"BUSH FIELD - AUGUSTA, GA",AGS,AK,ALCAN
SAV,"SAVANNAH, GA          ",SAV,AK,ALCAN
AGA,"AGANA, GU             ",AGA,AK,ALCAN
HHW,"HONOLULU, HI          ",HHW,AK,ALCAN
OGG,"KAHULUI - MAUI, HI",OGG,AK,ALCAN
KOA,"KEAHOLE-KONA, HI      ",KOA,AK,ALCAN
LIH,"LIHUE, HI             ",LIH,AK,ALCAN
CID,"CEDAR RAPIDS/IOWA CITY, IA",CID,AK,ALCAN
DSM,"DES MOINES, IA",DSM,AK,ALCAN
BOI,"AIR TERM. (GOWEN FLD) BOISE, ID",BOI,AK,ALCAN
EPI,"EASTPORT, ID          ",EPI,AK,ALCAN
IDA,"FANNING FIELD - IDAHO FALLS, ID",IDA,AK,ALCAN
PTL,"PORTHILL, ID          ",PTL,AK,ALCAN
SPI,"CAPITAL - SPRINGFIELD, IL",SPI,AK,ALCAN
CHI,"CHICAGO, IL           ",CHI,AK,ALCAN
DPA,"DUPAGE COUNTY, IL",DPA,AK,ALCAN
PIA,"GREATER PEORIA, IL",PIA,AK,ALCAN
RFD,"GREATER ROCKFORD, IL",RFD,AK,ALCAN
UGN,"MEMORIAL - WAUKEGAN, IL",UGN,AK,ALCAN
GAR,"GARY, IN              ",GAR,AK,ALCAN
HMM,"HAMMOND, IN           ",HMM,AK,ALCAN
INP,"INDIANAPOLIS, IN      ",INP,AK,ALCAN
MRL,"MERRILLVILLE, IN      ",MRL,AK,ALCAN
SBN,"SOUTH BEND, IN",SBN,AK,ALCAN
ICT,"MID-CONTINENT - WITCHITA, KS",ICT,AK,ALCAN
LEX,"BLUE GRASS - LEXINGTON, KY",LEX,AK,ALCAN
LOU,"LOUISVILLE, KY        ",LOU,AK,ALCAN
BTN,"BATON ROUGE, LA       ",BTN,AK,ALCAN
LKC,"LAKE CHARLES, LA      ",LKC,AK,ALCAN
LAK,"LAKE CHARLES, LA (BPS)",LAK,AK,ALCAN
MLU,"MONROE, LA",MLU,AK,ALCAN
MGC,"MORGAN CITY, LA       ",MGC,AK,ALCAN
NOL,"NEW ORLEANS, LA       ",NOL,AK,ALCAN
BOS,"BOSTON, MA            ",BOS,AK,ALCAN
GLO,"GLOUCESTER, MA        ",GLO,AK,ALCAN
BED,"HANSCOM FIELD - BEDFORD, MA",BED,AK,ALCAN
LYN,"LYNDEN, WA            ",LYN,AK,ALCAN
ADW,"ANDREWS AFB, MD",ADW,AK,ALCAN
BAL,"BALTIMORE, MD         ",BAL,AK,ALCAN
MKG,"MUSKEGON, MD",MKG,AK,ALCAN
PAX,"PATUXENT RIVER, MD    ",PAX,AK,ALCAN
BGM,"BANGOR, ME            ",BGM,AK,ALCAN
BOO,"BOOTHBAY HARBOR, ME   ",BOO,AK,ALCAN
BWM,"BRIDGEWATER, ME       ",BWM,AK,ALCAN
BCK,"BUCKPORT, ME          ",BCK,AK,ALCAN
CLS,"CALAIS, ME   ",CLS,AK,ALCAN
CRB,"CARIBOU, ME           ",CRB,AK,ALCAN
COB,"COBURN GORE, ME       ",COB,AK,ALCAN
EST,"EASTCOURT, ME         ",EST,AK,ALCAN
EPT,"EASTPORT MUNICIPAL, ME",EPT,AK,ALCAN
EPM,"EASTPORT, ME          ",EPM,AK,ALCAN
FOR,"FOREST CITY, ME       ",FOR,AK,ALCAN
FTF,"FORT FAIRFIELD, ME    ",FTF,AK,ALCAN
FTK,"FORT KENT, ME         ",FTK,AK,ALCAN
HML,"HAMIIN, ME            ",HML,AK,ALCAN
HTM,"HOULTON, ME           ",HTM,AK,ALCAN
JKM,"JACKMAN, ME           ",JKM,AK,ALCAN
KAL,"KALISPEL, MT          ",KAL,AK,ALCAN
LIM,"LIMESTONE, ME         ",LIM,AK,ALCAN
LUB,"LUBEC, ME             ",LUB,AK,ALCAN
MAD,"MADAWASKA, ME         ",MAD,AK,ALCAN
POM,"PORTLAND, ME          ",POM,AK,ALCAN
RGM,"RANGELEY, ME (BPS)",RGM,AK,ALCAN
SBR,"SOUTH BREWER, ME      ",SBR,AK,ALCAN
SRL,"ST AURELIE, ME        ",SRL,AK,ALCAN
SPA,"ST PAMPILE, ME        ",SPA,AK,ALCAN
VNB,"VAN BUREN, ME         ",VNB,AK,ALCAN
VCB,"VANCEBORO, ME         ",VCB,AK,ALCAN
AGN,"ALGONAC, MI           ",AGN,AK,ALCAN
ALP,"ALPENA, MI            ",ALP,AK,ALCAN
BCY,"BAY CITY, MI          ",BCY,AK,ALCAN
DET,"DETROIT, MI           ",DET,AK,ALCAN
GRP,"GRAND RAPIDS, MI",GRP,AK,ALCAN
GRO,"GROSSE ISLE, MI       ",GRO,AK,ALCAN
ISL,"ISLE ROYALE, MI       ",ISL,AK,ALCAN
MRC,"MARINE CITY, MI       ",MRC,AK,ALCAN
MRY,"MARYSVILLE, MI        ",MRY,AK,ALCAN
PTK,"OAKLAND COUNTY - PONTIAC, MI",PTK,AK,ALCAN
PHU,"PORT HURON, MI        ",PHU,AK,ALCAN
RBT,"ROBERTS LANDING, MI   ",RBT,AK,ALCAN
SAG,"SAGINAW, MI           ",SAG,AK,ALCAN
SSM,"SAULT STE. MARIE, MI  ",SSM,AK,ALCAN
SCL,"ST CLAIR, MI          ",SCL,AK,ALCAN
YIP,"WILLOW RUN - YPSILANTI, MI",YIP,AK,ALCAN
BAU,"BAUDETTE, MN          ",BAU,AK,ALCAN
CAR,"CARIBOU MUNICIPAL AIRPORT, MN",CAR,AK,ALCAN
GTF,"Collapsed into INT, MN",GTF,AK,ALCAN
INL,"Collapsed into INT, MN",INL,AK,ALCAN
CRA,"CRANE LAKE, MN        ",CRA,AK,ALCAN
MIC,"CRYSTAL MUNICIPAL AIRPORT, MN",MIC,AK,ALCAN
DUL,"DULUTH, MN            ",DUL,AK,ALCAN
ELY,"ELY, MN               ",ELY,AK,ALCAN
GPM,"GRAND PORTAGE, MN     ",GPM,AK,ALCAN
SVC,"GRANT COUNTY - SILVER CITY, MN",SVC,AK,ALCAN
INT,"INTL FALLS, MN      ",INT,AK,ALCAN
LAN,"LANCASTER, MN         ",LAN,AK,ALCAN
MSP,"MINN./ST PAUL, MN     ",MSP,AK,ALCAN
LIN,"NORTHERN SVC CENTER, MN   ",LIN,AK,ALCAN
NOY,"NOYES, MN             ",NOY,AK,ALCAN
PIN,"PINE CREEK, MN        ",PIN,AK,ALCAN
48Y,"PINECREEK BORDER ARPT, MN",48Y,AK,ALCAN
RAN,"RAINER, MN            ",RAN,AK,ALCAN
RST,"ROCHESTER, MN",RST,AK,ALCAN
ROS,"ROSEAU, MN            ",ROS,AK,ALCAN
SPM,"ST PAUL, MN           ",SPM,AK,ALCAN
WSB,"WARROAD INTL, SPB, MN",WSB,AK,ALCAN
WAR,"WARROAD, MN           ",WAR,AK,ALCAN
KAN,"KANSAS CITY, MO       ",KAN,AK,ALCAN
SGF,"SPRINGFIELD-BRANSON, MO",SGF,AK,ALCAN
STL,"ST LOUIS, MO          ",STL,AK,ALCAN
WHI,"WHITETAIL, MT         ",WHI,AK,ALCAN
WHM,"WILD HORSE, MT        ",WHM,AK,ALCAN
GPT,"BILOXI REGIONAL, MS",GPT,AK,ALCAN
GTR,"GOLDEN TRIANGLE LOWNDES CNTY, MS",GTR,AK,ALCAN
GUL,"GULFPORT, MS          ",GUL,AK,ALCAN
PAS,"PASCAGOULA, MS        ",PAS,AK,ALCAN
JAN,"THOMPSON FIELD - JACKSON, MS",JAN,AK,ALCAN
BIL,"BILLINGS, MT          ",BIL,AK,ALCAN
BTM,"BUTTE, MT             ",BTM,AK,ALCAN
CHF,"CHIEF MT, MT          ",CHF,AK,ALCAN
CTB,"CUT BANK MUNICIPAL, MT",CTB,AK,ALCAN
CUT,"CUT BANK, MT          ",CUT,AK,ALCAN
DLB,"DEL BONITA, MT        ",DLB,AK,ALCAN
EUR,"EUREKA, MT (BPS)",EUR,AK,ALCAN
BZN,"GALLATIN FIELD - BOZEMAN, MT",BZN,AK,ALCAN
FCA,"GLACIER NATIONAL PARK, MT",FCA,AK,ALCAN
GGW,"GLASGOW, MT           ",GGW,AK,ALCAN
GRE,"GREAT FALLS, MT       ",GRE,AK,ALCAN
HVR,"HAVRE, MT             ",HVR,AK,ALCAN
HEL,"HELENA, MT            ",HEL,AK,ALCAN
LWT,"LEWISTON, MT          ",LWT,AK,ALCAN
MGM,"MORGAN, MT            ",MGM,AK,ALCAN
OPH,"OPHEIM, MT            ",OPH,AK,ALCAN
PIE,"PIEGAN, MT            ",PIE,AK,ALCAN
RAY,"RAYMOND, MT           ",RAY,AK,ALCAN
ROO,"ROOSVILLE, MT         ",ROO,AK,ALCAN
SCO,"SCOBEY, MT            ",SCO,AK,ALCAN
SWE,"SWEETGTASS, MT        ",SWE,AK,ALCAN
TRL,"TRIAL CREEK, MT       ",TRL,AK,ALCAN
TUR,"TURNER, MT            ",TUR,AK,ALCAN
WCM,"WILLOW CREEK, MT      ",WCM,AK,ALCAN
CLT,"CHARLOTTE, NC         ",CLT,AK,ALCAN
FAY,"FAYETTEVILLE, NC",FAY,AK,ALCAN
MRH,"MOREHEAD CITY, NC     ",MRH,AK,ALCAN
FOP,"MORRIS FIELDS AAF, NC",FOP,AK,ALCAN
GSO,"PIEDMONT TRIAD INTL AIRPORT, NC",GSO,AK,ALCAN
RDU,"RALEIGH/DURHAM, NC    ",RDU,AK,ALCAN
SSC,"SHAW AFB - SUMTER, NC",SSC,AK,ALCAN
WIL,"WILMINGTON, NC        ",WIL,AK,ALCAN
AMB,"AMBROSE, ND           ",AMB,AK,ALCAN
ANT,"ANTLER, ND            ",ANT,AK,ALCAN
CRY,"CARBURY, ND           ",CRY,AK,ALCAN
DNS,"DUNSEITH, ND          ",DNS,AK,ALCAN
FAR,"FARGO, ND             ",FAR,AK,ALCAN
FRT,"FORTUNA, ND           ",FRT,AK,ALCAN
GRF,"GRAND FORKS, ND       ",GRF,AK,ALCAN
HNN,"HANNAH, ND            ",HNN,AK,ALCAN
HNS,"HANSBORO, ND          ",HNS,AK,ALCAN
MAI,"MAIDA, ND             ",MAI,AK,ALCAN
MND,"MINOT, ND             ",MND,AK,ALCAN
NEC,"NECHE, ND             ",NEC,AK,ALCAN
NOO,"NOONAN, ND            ",NOO,AK,ALCAN
NRG,"NORTHGATE, ND         ",NRG,AK,ALCAN
PEM,"PEMBINA, ND           ",PEM,AK,ALCAN
SAR,"SARLES, ND            ",SAR,AK,ALCAN
SHR,"SHERWOOD, ND          ",SHR,AK,ALCAN
SJO,"ST JOHN, ND           ",SJO,AK,ALCAN
WAL,"WALHALLA, ND          ",WAL,AK,ALCAN
WHO,"WESTHOPE, ND          ",WHO,AK,ALCAN
WND,"WILLISTON, ND         ",WND,AK,ALCAN
OMA,"OMAHA, NE             ",OMA,AK,ALCAN
LEB,"LEBANON, NH           ",LEB,AK,ALCAN
MHT,"MANCHESTER, NH",MHT,AK,ALCAN
PNH,"PITTSBURG, NH         ",PNH,AK,ALCAN
PSM,"PORTSMOUTH, NH        ",PSM,AK,ALCAN
BYO,"BAYONNE, NJ           ",BYO,AK,ALCAN
CNJ,"CAMDEN, NJ            ",CNJ,AK,ALCAN
HOB,"HOBOKEN, NJ           ",HOB,AK,ALCAN
JER,"JERSEY CITY, NJ       ",JER,AK,ALCAN
WRI,"MC GUIRE AFB - WRIGHTSOWN, NJ",WRI,AK,ALCAN
MMU,"MORRISTOWN, NJ",MMU,AK,ALCAN
NEW,"NEWARK/TETERBORO, NJ  ",NEW,AK,ALCAN
PER,"PERTH AMBOY, NJ       ",PER,AK,ALCAN
ACY,"POMONA FIELD - ATLANTIC CITY, NJ",ACY,AK,ALCAN
ALA,"ALAMAGORDO, NM (BPS)",ALA,AK,ALCAN
ABQ,"ALBUQUERQUE, NM       ",ABQ,AK,ALCAN
ANP,"ANTELOPE WELLS, NM    ",ANP,AK,ALCAN
CRL,"CARLSBAD, NM          ",CRL,AK,ALCAN
COL,"COLUMBUS, NM          ",COL,AK,ALCAN
CDD,"CRANE LAKE - ST. LOUIS CNTY, NM",CDD,AK,ALCAN
DNM,"DEMING, NM (BPS)",DNM,AK,ALCAN
LAS,"LAS CRUCES, NM        ",LAS,AK,ALCAN
LOB,"LORDSBURG, NM (BPS)",LOB,AK,ALCAN
RUI,"RUIDOSO, NM",RUI,AK,ALCAN
STR,"SANTA TERESA, NM      ",STR,AK,ALCAN
RNO,"CANNON INTL - RENO/TAHOE, NV",RNO,AK,ALCAN
FLX,"FALLON MUNICIPAL AIRPORT, NV",FLX,AK,ALCAN
LVG,"LAS VEGAS, NV         ",LVG,AK,ALCAN
REN,"RENO, NV              ",REN,AK,ALCAN
ALB,"ALBANY, NY            ",ALB,AK,ALCAN
AXB,"ALEXANDRIA BAY, NY    ",AXB,AK,ALCAN
BUF,"BUFFALO, NY           ",BUF,AK,ALCAN
CNH,"CANNON CORNERS, NY",CNH,AK,ALCAN
CAP,"CAPE VINCENT, NY      ",CAP,AK,ALCAN
CHM,"CHAMPLAIN, NY         ",CHM,AK,ALCAN
CHT,"CHATEAUGAY, NY        ",CHT,AK,ALCAN
CLA,"CLAYTON, NY           ",CLA,AK,ALCAN
FTC,"FORT COVINGTON, NY    ",FTC,AK,ALCAN
LAG,"LA GUARDIA, NY        ",LAG,AK,ALCAN
LEW,"LEWISTON, NY          ",LEW,AK,ALCAN
MAS,"MASSENA, NY           ",MAS,AK,ALCAN
MAG,"MCGUIRE AFB, NY       ",MAG,AK,ALCAN
MOO,"MOORES, NY            ",MOO,AK,ALCAN
MRR,"MORRISTOWN, NY        ",MRR,AK,ALCAN
NYC,"NEW YORK, NY          ",NYC,AK,ALCAN
NIA,"NIAGARA FALLS, NY     ",NIA,AK,ALCAN
OGD,"OGDENSBURG, NY        ",OGD,AK,ALCAN
OSW,"OSWEGO, NY            ",OSW,AK,ALCAN
ELM,"REGIONAL ARPT - HORSEHEAD, NY",ELM,AK,ALCAN
ROC,"ROCHESTER, NY         ",ROC,AK,ALCAN
ROU,"ROUSES POINT, NY      ",ROU,AK,ALCAN
SWF,"STEWART - ORANGE CNTY, NY",SWF,AK,ALCAN
SYR,"SYRACUSE, NY          ",SYR,AK,ALCAN
THO,"THOUSAND ISLAND BRIDGE, NY",THO,AK,ALCAN
TRO,"TROUT RIVER, NY       ",TRO,AK,ALCAN
WAT,"WATERTOWN, NY         ",WAT,AK,ALCAN
HPN,"WESTCHESTER - WHITE PLAINS, NY",HPN,AK,ALCAN
WRB,"WHIRLPOOL BRIDGE, NY",WRB,AK,ALCAN
YOU,"YOUNGSTOWN, NY        ",YOU,AK,ALCAN
AKR,"AKRON, OH             ",AKR,AK,ALCAN
ATB,"ASHTABULA, OH         ",ATB,AK,ALCAN
CIN,"CINCINNATI, OH        ",CIN,AK,ALCAN
CLE,"CLEVELAND, OH         ",CLE,AK,ALCAN
CLM,"COLUMBUS, OH          ",CLM,AK,ALCAN
LOR,"LORAIN, OH            ",LOR,AK,ALCAN
MBO,"MARBLE HEADS, OH      ",MBO,AK,ALCAN
SDY,"SANDUSKY, OH          ",SDY,AK,ALCAN
TOL,"TOLEDO, OH            ",TOL,AK,ALCAN
OKC,"OKLAHOMA CITY, OK     ",OKC,AK,ALCAN
TUL,"TULSA, OK",TUL,AK,ALCAN
AST,"ASTORIA, OR           ",AST,AK,ALCAN
COO,"COOS BAY, OR          ",COO,AK,ALCAN
HIO,"HILLSBORO, OR",HIO,AK,ALCAN
MED,"MEDFORD, OR           ",MED,AK,ALCAN
NPT,"NEWPORT, OR           ",NPT,AK,ALCAN
POO,"PORTLAND, OR          ",POO,AK,ALCAN
PUT,"PUT-IN-BAY, OH        ",PUT,AK,ALCAN
RDM,"ROBERTS FIELDS - REDMOND, OR",RDM,AK,ALCAN
ERI,"ERIE, PA              ",ERI,AK,ALCAN
MDT,"HARRISBURG, PA",MDT,AK,ALCAN
HSB,"HARRISONBURG, PA      ",HSB,AK,ALCAN
PHI,"PHILADELPHIA, PA      ",PHI,AK,ALCAN
PIT,"PITTSBURG, PA         ",PIT,AK,ALCAN
AGU,"AGUADILLA, PR         ",AGU,AK,ALCAN
BQN,"BORINQUEN - AGUADILLO, PR",BQN,AK,ALCAN
JCP,"CULEBRA - BENJAMIN RIVERA, PR",JCP,AK,ALCAN
ENS,"ENSENADA, PR          ",ENS,AK,ALCAN
FAJ,"FAJARDO, PR           ",FAJ,AK,ALCAN
HUM,"HUMACAO, PR           ",HUM,AK,ALCAN
JOB,"JOBOS, PR             ",JOB,AK,ALCAN
MAY,"MAYAGUEZ, PR          ",MAY,AK,ALCAN
PON,"PONCE, PR             ",PON,AK,ALCAN
PSE,"PONCE-MERCEDITA, PR",PSE,AK,ALCAN
SAJ,"SAN JUAN, PR          ",SAJ,AK,ALCAN
VQS,"VIEQUES-ARPT, PR",VQS,AK,ALCAN
PRO,"PROVIDENCE, RI        ",PRO,AK,ALCAN
PVD,"THEODORE FRANCIS - WARWICK, RI",PVD,AK,ALCAN
CHL,"CHARLESTON, SC        ",CHL,AK,ALCAN
CAE,"COLUMBIA, SC #ARPT",CAE,AK,ALCAN
GEO,"GEORGETOWN, SC        ",GEO,AK,ALCAN
GSP,"GREENVILLE, SC",GSP,AK,ALCAN
GRR,"GREER, SC",GRR,AK,ALCAN
MYR,"MYRTLE BEACH, SC",MYR,AK,ALCAN
SPF,"BLACK HILLS, SPEARFISH, SD",SPF,AK,ALCAN
HON,"HOWES REGIONAL ARPT - HURON, SD",HON,AK,ALCAN
SAI,"SAIPAN, SPN           ",SAI,AK,ALCAN
TYS,"MC GHEE TYSON - ALCOA, TN",TYS,AK,ALCAN
MEM,"MEMPHIS, TN           ",MEM,AK,ALCAN
NSV,"NASHVILLE, TN         ",NSV,AK,ALCAN
TRI,"TRI CITY ARPT, TN",TRI,AK,ALCAN
ADS,"ADDISON AIRPORT- ADDISON, TX",ADS,AK,ALCAN
ADT,"AMISTAD DAM, TX       ",ADT,AK,ALCAN
ANZ,"ANZALDUAS, TX",ANZ,AK,ALCAN
AUS,"AUSTIN, TX            ",AUS,AK,ALCAN
BEA,"BEAUMONT, TX          ",BEA,AK,ALCAN
BBP,"BIG BEND PARK, TX (BPS)",BBP,AK,ALCAN
SCC,"BP SPEC COORD. CTR, TX",SCC,AK,ALCAN
BTC,"BP TACTICAL UNIT, TX  ",BTC,AK,ALCAN
BOA,"BRIDGE OF AMERICAS, TX",BOA,AK,ALCAN
BRO,"BROWNSVILLE, TX       ",BRO,AK,ALCAN
CRP,"CORPUS CHRISTI, TX    ",CRP,AK,ALCAN
DAL,"DALLAS, TX            ",DAL,AK,ALCAN
DLR,"DEL RIO, TX           ",DLR,AK,ALCAN
DNA,"DONNA, TX",DNA,AK,ALCAN
EGP,"EAGLE PASS, TX        ",EGP,AK,ALCAN
ELP,"EL PASO, TX           ",ELP,AK,ALCAN
FAB,"FABENS, TX            ",FAB,AK,ALCAN
FAL,"FALCON HEIGHTS, TX    ",FAL,AK,ALCAN
FTH,"FORT HANCOCK, TX      ",FTH,AK,ALCAN
AFW,"FORT WORTH ALLIANCE, TX",AFW,AK,ALCAN
FPT,"FREEPORT, TX          ",FPT,AK,ALCAN
GAL,"GALVESTON, TX         ",GAL,AK,ALCAN
HLG,"HARLINGEN, TX         ",HLG,AK,ALCAN
HID,"HIDALGO, TX           ",HID,AK,ALCAN
HOU,"HOUSTON, TX           ",HOU,AK,ALCAN
SGR,"HULL FIELD, SUGAR LAND ARPT, TX",SGR,AK,ALCAN
LLB,"JUAREZ-LINCOLN BRIDGE, TX",LLB,AK,ALCAN
LCB,"LAREDO COLUMBIA BRIDGE, TX",LCB,AK,ALCAN
LRN,"LAREDO NORTH, TX      ",LRN,AK,ALCAN
LAR,"LAREDO, TX            ",LAR,AK,ALCAN
LSE,"LOS EBANOS, TX        ",LSE,AK,ALCAN
IND,"LOS INDIOS, TX",IND,AK,ALCAN
LOI,"LOS INDIOS, TX        ",LOI,AK,ALCAN
MRS,"MARFA, TX (BPS)",MRS,AK,ALCAN
MCA,"MCALLEN, TX           ",MCA,AK,ALCAN
MAF,"ODESSA REGIONAL, TX",MAF,AK,ALCAN
PDN,"PASO DEL NORTE,TX     ",PDN,AK,ALCAN
PBB,"PEACE BRIDGE, NY      ",PBB,AK,ALCAN
PHR,"PHARR, TX             ",PHR,AK,ALCAN
PAR,"PORT ARTHUR, TX       ",PAR,AK,ALCAN
ISB,"PORT ISABEL, TX       ",ISB,AK,ALCAN
POE,"PORT OF EL PASO, TX   ",POE,AK,ALCAN
PRE,"PRESIDIO, TX          ",PRE,AK,ALCAN
PGR,"PROGRESO, TX          ",PGR,AK,ALCAN
RIO,"RIO GRANDE CITY, TX   ",RIO,AK,ALCAN
ROM,"ROMA, TX              ",ROM,AK,ALCAN
SNA,"SAN ANTONIO, TX       ",SNA,AK,ALCAN
SNN,"SANDERSON, TX         ",SNN,AK,ALCAN
VIB,"VETERAN INTL BRIDGE, TX",VIB,AK,ALCAN
YSL,"YSLETA, TX            ",YSL,AK,ALCAN
CHA,"CHARLOTTE AMALIE, VI  ",CHA,AK,ALCAN
CHR,"CHRISTIANSTED, VI     ",CHR,AK,ALCAN
CRU,"CRUZ BAY, ST JOHN, VI ",CRU,AK,ALCAN
FRK,"FREDERIKSTED, VI      ",FRK,AK,ALCAN
STT,"ST THOMAS, VI         ",STT,AK,ALCAN
LGU,"CACHE AIRPORT - LOGAN, UT",LGU,AK,ALCAN
SLC,"SALT LAKE CITY, UT    ",SLC,AK,ALCAN
CHO,"ALBEMARLE CHARLOTTESVILLE, VA",CHO,AK,ALCAN
DAA,"DAVISON AAF - FAIRFAX CNTY, VA",DAA,AK,ALCAN
HOP,"HOPEWELL, VA          ",HOP,AK,ALCAN
HEF,"MANASSAS, VA #ARPT",HEF,AK,ALCAN
NWN,"NEWPORT, VA           ",NWN,AK,ALCAN
NOR,"NORFOLK, VA           ",NOR,AK,ALCAN
RCM,"RICHMOND, VA          ",RCM,AK,ALCAN
ABS,"ALBURG SPRINGS, VT    ",ABS,AK,ALCAN
ABG,"ALBURG, VT            ",ABG,AK,ALCAN
BEB,"BEEBE PLAIN, VT       ",BEB,AK,ALCAN
BEE,"BEECHER FALLS, VT     ",BEE,AK,ALCAN
BRG,"BURLINGTON, VT        ",BRG,AK,ALCAN
CNA,"CANAAN, VT            ",CNA,AK,ALCAN
DER,"DERBY LINE, VT (I-91) ",DER,AK,ALCAN
DLV,"DERBY LINE, VT (RT. 5)",DLV,AK,ALCAN
ERC,"EAST RICHFORD, VT     ",ERC,AK,ALCAN
HIG,"HIGHGATE SPRINGS, VT  ",HIG,AK,ALCAN
MOR,"MORSES LINE, VT       ",MOR,AK,ALCAN
NPV,"NEWPORT, VT           ",NPV,AK,ALCAN
NRT,"NORTH TROY, VT        ",NRT,AK,ALCAN
NRN,"NORTON, VT            ",NRN,AK,ALCAN
PIV,"PINNACLE ROAD, VT     ",PIV,AK,ALCAN
RIF,"RICHFORT, VT          ",RIF,AK,ALCAN
STA,"ST ALBANS, VT         ",STA,AK,ALCAN
SWB,"SWANTON, VT (BP - SECTOR HQ)",SWB,AK,ALCAN
WBE,"WEST BERKSHIRE, VT    ",WBE,AK,ALCAN
ABE,"ABERDEEN, WA          ",ABE,AK,ALCAN
ANA,"ANACORTES, WA         ",ANA,AK,ALCAN
BEL,"BELLINGHAM, WA        ",BEL,AK,ALCAN
BLI,"BELLINGHAM, WASHINGTON #INTL",BLI,AK,ALCAN
BLA,"BLAINE, WA            ",BLA,AK,ALCAN
BWA,"BOUNDARY, WA          ",BWA,AK,ALCAN
CUR,"CURLEW, WA (BPS)",CUR,AK,ALCAN
DVL,"DANVILLE, WA          ",DVL,AK,ALCAN
EVE,"EVERETT, WA           ",EVE,AK,ALCAN
FER,"FERRY, WA             ",FER,AK,ALCAN
FRI,"FRIDAY HARBOR, WA     ",FRI,AK,ALCAN
FWA,"FRONTIER, WA          ",FWA,AK,ALCAN
KLM,"KALAMA, WA            ",KLM,AK,ALCAN
LAU,"LAURIER, WA           ",LAU,AK,ALCAN
LON,"LONGVIEW, WA          ",LON,AK,ALCAN
MET,"METALINE FALLS, WA    ",MET,AK,ALCAN
MWH,"MOSES LAKE GRANT COUNTY ARPT, WA",MWH,AK,ALCAN
NEA,"NEAH BAY, WA          ",NEA,AK,ALCAN
NIG,"NIGHTHAWK, WA         ",NIG,AK,ALCAN
OLY,"OLYMPIA, WA           ",OLY,AK,ALCAN
ORO,"OROVILLE, WA          ",ORO,AK,ALCAN
PWB,"PASCO, WA             ",PWB,AK,ALCAN
PIR,"POINT ROBERTS, WA     ",PIR,AK,ALCAN
PNG,"PORT ANGELES, WA      ",PNG,AK,ALCAN
PTO,"PORT TOWNSEND, WA     ",PTO,AK,ALCAN
SEA,"SEATTLE, WA           ",SEA,AK,ALCAN
SPO,"SPOKANE, WA           ",SPO,AK,ALCAN
SUM,"SUMAS, WA             ",SUM,AK,ALCAN
TAC,"TACOMA, WA            ",TAC,AK,ALCAN
PSC,"TRI-CITIES - PASCO, WA",PSC,AK,ALCAN
VAN,"VANCOUVER, WA         ",VAN,AK,ALCAN
AGM,"ALGOMA, WI            ",AGM,AK,ALCAN
BAY,"BAYFIELD, WI          ",BAY,AK,ALCAN
GRB,"GREEN BAY, WI         ",GRB,AK,ALCAN
MNW,"MANITOWOC, WI         ",MNW,AK,ALCAN
MIL,"MILWAUKEE, WI         ",MIL,AK,ALCAN
MSN,"TRUAX FIELD - DANE COUNTY, WI",MSN,AK,ALCAN
CHS,"CHARLESTON, WV        ",CHS,AK,ALCAN
CLK,"CLARKSBURG, WV        ",CLK,AK,ALCAN
BLF,"MERCER COUNTY, WV",BLF,AK,ALCAN
CSP,"CASPER, WY            ",CSP,AK,ALCAN
XXX,NOT REPORTED/UNKNOWN  ,XXX,AK,ALCAN
888,UNIDENTIFED AIR / SEAPORT,888,AK,ALCAN
UNK,UNKNOWN POE           ,UNK,AK,ALCAN
CLG,"CALGARY, CANADA       ",CLG,AK,ALCAN
EDA,"EDMONTON, CANADA      ",EDA,AK,ALCAN
YHC,"HAKAI PASS, CANADA",YHC,AK,ALCAN
HAL,"Halifax, NS, Canada   ",HAL,AK,ALCAN
MON,"MONTREAL, CANADA      ",MON,AK,ALCAN
OTT,"OTTAWA, CANADA        ",OTT,AK,ALCAN
YXE,"SASKATOON, CANADA",YXE,AK,ALCAN
TOR,"TORONTO, CANADA       ",TOR,AK,ALCAN
VCV,"VANCOUVER, CANADA     ",VCV,AK,ALCAN
VIC,"VICTORIA, CANADA      ",VIC,AK,ALCAN
WIN,"WINNIPEG, CANADA      ",WIN,AK,ALCAN
AMS,"AMSTERDAM-SCHIPHOL, NETHERLANDS",AMS,AK,ALCAN
ARB,"ARUBA, NETH ANTILLES  ",ARB,AK,ALCAN
BAN,"BANKOK, THAILAND      ",BAN,AK,ALCAN
BEI,"BEICA #ARPT, ETHIOPIA",BEI,AK,ALCAN
PEK,"BEIJING CAPITAL INTL, PRC",PEK,AK,ALCAN
BDA,"KINDLEY FIELD, BERMUDA",BDA,AK,ALCAN
BOG,"BOGOTA, EL DORADO #ARPT, COLOMBIA",BOG,AK,ALCAN
EZE,"BUENOS AIRES, MINISTRO PIST, ARGENTINA",EZE,AK,ALCAN
CUN,"CANCUN, MEXICO",CUN,AK,ALCAN
CRQ,"CARAVELAS, BA #ARPT, BRAZIL",CRQ,AK,ALCAN
MVD,"CARRASCO, URUGUAY",MVD,AK,ALCAN
DUB,"DUBLIN, IRELAND       ",DUB,AK,ALCAN
FOU,"FOUGAMOU #ARPT, GABON",FOU,AK,ALCAN
FBA,"FREEPORT, BAHAMAS      ",FBA,AK,ALCAN
MTY,"GEN M. ESCOBEDO, Monterrey, MX",MTY,AK,ALCAN
HMO,"GEN PESQUEIRA GARCIA, MX",HMO,AK,ALCAN
GCM,"GRAND CAYMAN, CAYMAN ISLAND",GCM,AK,ALCAN
GDL,"GUADALAJARA, MIGUEL HIDAL, MX",GDL,AK,ALCAN
HAM,"HAMILTON, BERMUDA     ",HAM,AK,ALCAN
ICN,"INCHON, SEOUL KOREA",ICN,AK,ALCAN
IWA,"INVALID - IWAKUNI, JAPAN",IWA,AK,ALCAN
CND,"KOGALNICEANU, ROMANIA",CND,AK,ALCAN
LAH,"LABUHA ARPT, INDONESIA",LAH,AK,ALCAN
DUR,"LOUIS BOTHA, SOUTH AFRICA",DUR,AK,ALCAN
MAL,"MANGOLE ARPT, INDONESIA",MAL,AK,ALCAN
MDE,"MEDELLIN, COLOMBIA",MDE,AK,ALCAN
MEX,"JUAREZ INTL, MEXICO CITY, MX",MEX,AK,ALCAN
LHR,"MIDDLESEX, ENGLAND",LHR,AK,ALCAN
NBO,"NAIROBI, KENYA        ",NBO,AK,ALCAN
NAS,"NASSAU, BAHAMAS       ",NAS,AK,ALCAN
NCA,"NORTH CAICOS, TURK & CAIMAN",NCA,AK,ALCAN
PTY,"OMAR TORRIJOS, PANAMA",PTY,AK,ALCAN
SPV,"PAPUA, NEW GUINEA",SPV,AK,ALCAN
UIO,"QUITO (MARISCAL SUCR), ECUADOR",UIO,AK,ALCAN
RIT,"ROME, ITALY           ",RIT,AK,ALCAN
SNO,"SAKON NAKHON #ARPT, THAILAND",SNO,AK,ALCAN
SLP,"SAN LUIS POTOSI #ARPT, MEXICO",SLP,AK,ALCAN
SAN,"SAN SALVADOR, EL SALVADOR",SAN,AK,ALCAN
SRO,"SANTANA RAMOS #ARPT, COLOMBIA",SRO,AK,ALCAN
GRU,"GUARULHOS INTL, SAO PAULO, BRAZIL",GRU,AK,ALCAN
SHA,"SHANNON, IRELAND      ",SHA,AK,ALCAN
HIL,"SHILLAVO, ETHIOPIA",HIL,AK,ALCAN
TOK,"TOROKINA #ARPT, PAPUA, NEW GUINEA",TOK,AK,ALCAN
VER,"VERACRUZ, MEXICO",VER,AK,ALCAN
LGW,"WEST SUSSEX, ENGLAND  ",LGW,AK,ALCAN
ZZZ,MEXICO Land (Banco de Mexico) ,ZZZ,AK,ALCAN
CHN,No PORT Code (CHN),CHN,AK,ALCAN
CNC,"CANNON CORNERS, NY",CNC,AK,ALCAN
MAA,Abu Dhabi,MAA,AK,ALCAN
AG0,"MAGNOLIA, AR",AG0,AK,ALCAN
BHM,"BAR HARBOR, ME",BHM,AK,ALCAN
BHX,"BIRMINGHAM, AL",BHX,AK,ALCAN
CAK,"AKRON, OH",CAK,AK,ALCAN
FOK,"SUFFOLK COUNTY, NY",FOK,AK,ALCAN
LND,"LANDER, WY",LND,AK,ALCAN
MAR,"MARFA, TX",MAR,AK,ALCAN
MLI,"MOLINE, IL",MLI,AK,ALCAN
RIV,"RIVERSIDE, CA",RIV,AK,ALCAN
RME,"ROME, NY",RME,AK,ALCAN
VNY,"VAN NUYS, CA",VNY,AK,ALCAN
YUM,"YUMA, AZ",YUM,AK,ALCAN
